Model,Temp,Max Tokens,Presence Penalty,Frequency Penalty,Output
gpt-3.5-turbo,0.0,50,0.0,0.0,"Introducing the iPhone - the epitome of innovation and style in the world of smartphones. With its sleek design, cutting-edge technology, and seamless performance, the iPhone is more than just a device - it's a lifestyle.

Experience the power of the"
gpt-3.5-turbo,0.0,50,0.0,1.5,"Introducing the iPhone - a revolutionary device that combines cutting-edge technology with sleek design to elevate your mobile experience like never before. With its stunning Retina display, powerful A-series chip, and advanced camera system, the iPhone delivers unparalleled performance and versatility."
gpt-3.5-turbo,0.0,50,1.5,0.0,"Introducing the iPhone - a revolutionary device that has redefined the way we communicate, work, and play. With its sleek design, cutting-edge technology, and seamless integration of hardware and software, the iPhone is more than just a smartphone - it's"
gpt-3.5-turbo,0.0,50,1.5,1.5,"Introducing the iPhone - a revolutionary device that combines cutting-edge technology with sleek design to elevate your mobile experience like never before. With its stunning Retina display, powerful A-series chip, and advanced camera system, the iPhone delivers unparalleled performance for all your"
gpt-3.5-turbo,0.0,150,0.0,0.0,"Introducing the iPhone - the ultimate blend of cutting-edge technology and sleek design. With its stunning Retina display, powerful A-series chip, and advanced camera system, the iPhone delivers an unparalleled user experience.

Stay connected like never before with lightning-fast 5G connectivity, allowing you to stream, download, and video call with ease. Capture every moment in stunning detail with the iPhone's pro-level camera system, featuring Night mode, Portrait mode, and 4K video recording.

Experience the future of mobile gaming and augmented reality with the iPhone's powerful performance and immersive graphics. And with all-day battery life and iOS, the most advanced mobile operating system, the iPhone keeps you productive and entertained throughout the day.

Upgrade to the iPhone and discover a world"
gpt-3.5-turbo,0.0,150,0.0,1.5,"Introducing the iPhone - a revolutionary device that combines cutting-edge technology with sleek design to elevate your mobile experience like never before. With its stunning Retina display, powerful A-series chip, and advanced camera system, the iPhone delivers unparalleled performance and versatility.

Stay connected in style with seamless FaceTime calls, lightning-fast 5G connectivity, and access to millions of apps on the App Store. Whether you're capturing memories with stunning photos and videos or staying organized with productivity tools, the iPhone is your ultimate companion for work and play.

Experience next-level security with Face ID technology that keeps your personal information safe at all times. And with long-lasting battery life and wireless charging capabilities, you can stay powered up throughout your day without missing a beat.

Upgrade to"
gpt-3.5-turbo,0.0,150,1.5,0.0,"Introducing the iPhone - a revolutionary device that has redefined the way we communicate, work, and play. With its sleek design, cutting-edge technology, and seamless integration of hardware and software, the iPhone is more than just a smartphone - it's a lifestyle.

Experience stunning visuals on the vibrant Retina display, capture memories in crystal-clear detail with the advanced camera system, and stay connected like never before with lightning-fast 5G connectivity. Whether you're browsing the web, streaming your favorite content, or tackling productivity tasks, the iPhone delivers unparalleled performance and efficiency.

But the magic of the iPhone doesn't stop there. With features like Face ID for secure authentication, Siri for hands-free assistance, and an ecosystem of apps that cater to every need"
gpt-3.5-turbo,0.0,150,1.5,1.5,"Introducing the iPhone - a revolutionary device that has redefined what it means to stay connected, organized, and entertained on-the-go. With its sleek design, cutting-edge technology, and seamless integration with Apple's ecosystem, the iPhone is more than just a smartphone - it's an essential companion for modern living.

Experience stunning visuals on the vibrant Retina display as you browse your favorite apps, watch videos in crystal-clear quality, or capture memories with the advanced camera system. Stay productive and efficient with powerful performance capabilities that allow you to multitask effortlessly and tackle any task with ease.

The iPhone offers unparalleled security features to keep your personal information safe while providing access to a world of innovative services through the App Store. Whether you're looking for productivity tools,"
gpt-3.5-turbo,0.0,300,0.0,0.0,"Introducing the iPhone - the ultimate blend of cutting-edge technology and sleek design. With its stunning Retina display, powerful A-series chip, and advanced camera system, the iPhone delivers an unparalleled user experience. Stay connected, capture memories in stunning detail, and enjoy seamless performance with this iconic device.

Whether you're a tech enthusiast, a creative professional, or a busy multitasker, the iPhone is designed to meet your needs. From browsing the web to streaming your favorite content, the iPhone offers lightning-fast performance and long-lasting battery life. And with features like Face ID and Apple Pay, your device is not only secure but also convenient to use.

Elevate your mobile experience with the iPhone - where innovation meets elegance. Choose from a range of models and colors to suit your style and make a statement. Upgrade to the iPhone and discover a world of possibilities at your fingertips."
gpt-3.5-turbo,0.0,300,0.0,1.5,"Introducing the iPhone - a revolutionary device that combines cutting-edge technology with sleek design to elevate your mobile experience like never before. With its stunning Retina display, powerful A-series chip, and advanced camera system, the iPhone delivers unparalleled performance and versatility in the palm of your hand.

Stay connected in style with seamless FaceTime calls, lightning-fast 5G connectivity, and access to millions of apps on the App Store. Capture every moment in crystal-clear detail with the iPhone's pro-level camera features including Night mode, Portrait mode, and 4K video recording.

Experience next-level security with Face ID for effortless unlocking and secure transactions. And with all-day battery life and iOS updates that keep your device running smoothly for years to come, the iPhone is truly a game-changer in mobile technology.

Upgrade to an iPhone today and discover a world of endless possibilities at your fingertips. Elevate your everyday tasks, unleash your creativity, and stay connected like never before - all with one incredible device: the iPhone."
gpt-3.5-turbo,0.0,300,1.5,0.0,"Introducing the iPhone - a revolutionary device that combines cutting-edge technology with sleek design to elevate your mobile experience like never before. With its stunning Retina display, powerful A-series chip, and advanced camera system, the iPhone delivers unparalleled performance and versatility.

Stay connected in style with seamless FaceTime calls, lightning-fast 5G connectivity, and access to millions of apps on the App Store. Capture every moment in crystal-clear detail with the iPhone's pro-level camera features, including Night mode, Portrait mode, and 4K video recording.

Experience the ultimate in security and privacy with Face ID and Touch ID, ensuring that your personal information stays safe and secure. And with all-day battery life and fast charging capabilities, the iPhone is ready to keep up with your busy lifestyle.

Upgrade to the iPhone today and discover a world of possibilities at your fingertips. Whether you're a tech enthusiast, creative professional, or everyday user, the iPhone is the perfect companion for all your needs. Elevate your mobile experience with the iPhone - where innovation meets elegance."
gpt-3.5-turbo,0.0,300,1.5,1.5,"Introducing the iPhone - a revolutionary device that has redefined what it means to stay connected, organized, and entertained on-the-go. With its sleek design, cutting-edge technology, and seamless integration of hardware and software, the iPhone is more than just a smartphone - it's an essential companion for modern living.

Experience stunning visuals with the vibrant Retina display that brings photos, videos, games, and apps to life in vivid detail. Capture every moment with precision using the advanced camera system that delivers professional-quality photos and videos effortlessly. Stay productive with powerful performance capabilities that make multitasking a breeze.

But the magic of the iPhone doesn't stop there. With Face ID for secure authentication, Siri for hands-free assistance, Apple Pay for convenient transactions on-the-fly – this device truly puts everything you need right at your fingertips.

Whether you're a tech enthusiast looking to push boundaries or someone who simply wants a reliable tool to simplify everyday tasks – the iPhone is designed to exceed expectations in every way possible. Elevate your mobile experience today with an iPhone - where innovation meets elegance seamlessly!"
gpt-3.5-turbo,0.7,50,0.0,0.0,"Introducing the iPhone, a revolutionary device that combines cutting-edge technology with stunning design. With its sleek and sophisticated appearance, the iPhone is more than just a phone - it's a lifestyle statement.

Experience the power of the iPhone with its lightning-fast performance"
gpt-3.5-turbo,0.7,50,0.0,1.5,"Introducing the iPhone - a revolutionary device that combines cutting-edge technology with sleek design to bring you the ultimate mobile experience. With its stunning Retina display, powerful A14 Bionic chip, and advanced camera system, the iPhone sets a new standard for"
gpt-3.5-turbo,0.7,50,1.5,0.0,"Introducing the iPhone - the ultimate blend of cutting-edge technology and sleek design that will revolutionize your digital experience. With its stunning Retina display, powerful A-series chip, and advanced camera system, the iPhone sets the standard for performance and innovation."
gpt-3.5-turbo,0.7,50,1.5,1.5,"Introducing the iPhone, a revolutionary device that has redefined what it means to stay connected. With its sleek design and cutting-edge technology, the iPhone is more than just a phone – it's your gateway to a world of endless possibilities.

Featuring"
gpt-3.5-turbo,0.7,150,0.0,0.0,"Introducing the iPhone - the revolutionary device that has set the standard for mobile technology. Sleek, stylish, and packed with cutting-edge features, the iPhone is more than just a phone - it's a lifestyle companion that keeps you connected, entertained, and organized wherever you go.

With its stunning Retina display, you'll experience crystal-clear visuals that bring your photos, videos, and apps to life. The powerful A-series chip ensures lightning-fast performance, so you can multitask seamlessly and run even the most demanding apps with ease.

Capture every moment in stunning detail with the iPhone's advanced camera system, featuring portrait mode, night mode, and 4K video recording. Stay connected with friends and family through FaceTime, iMessage, and social"
gpt-3.5-turbo,0.7,150,0.0,1.5,"Introducing the iPhone - a timeless icon of innovation and technology that continues to push boundaries and redefine what a smartphone can do. With its sleek design, cutting-edge features, and unparalleled performance, the iPhone is not just a phone - it's a lifestyle.

Experience the power of seamless connectivity with lightning-fast 5G speeds, allowing you to stream your favorite content, download apps in an instant, and stay connected wherever you go. The stunning Super Retina XDR display brings your photos and videos to life with vibrant colors and crystal-clear detail.

Capture every moment in stunning clarity with the advanced camera system that includes Night mode for breathtaking low-light photography. Take your selfies to the next level with Portrait mode and add studio-quality lighting effects for professional-looking results"
gpt-3.5-turbo,0.7,150,1.5,0.0,"Introducing the latest innovation in mobile technology - the iPhone. Crafted with precision and packed with cutting-edge features, this sleek and stylish device is more than just a phone; it's your personal assistant, entertainment hub, and connection to the world.

With its stunning Retina display, every image and video comes to life with vibrant colors and sharp detail. The powerful A-series chip ensures smooth performance, whether you're browsing the web, streaming videos, or playing games.

Capture every moment in breathtaking clarity with the advanced camera system, featuring portrait mode, night mode, and 4K video recording. Stay connected and productive all day long with long-lasting battery life and seamless integration with iCloud for effortless data syncing across all your Apple devices.

Experience the convenience"
gpt-3.5-turbo,0.7,150,1.5,1.5,"Introducing the revolutionary iPhone - a sleek and powerful device that will completely transform your digital experience. With its stunning Retina display, you'll enjoy crystal-clear images and vibrant colors like never before.

Equipped with cutting-edge technology, the iPhone boasts lightning-fast performance thanks to its advanced A-series chip. Whether you're browsing the web, streaming videos, or playing games, this phone delivers seamless multitasking without any lag.

Capture every moment in stunning detail with the high-quality camera system of the iPhone. From breathtaking landscapes to intimate portraits, your photos and videos will look professional-grade every time.

Stay connected like never before with FaceTime video calls and iMessage chat features that keep you in touch with friends and family around the world. And when it comes"
gpt-3.5-turbo,0.7,300,0.0,0.0,"Introducing the iPhone - the ultimate blend of cutting-edge technology and sleek design. With its stunning Retina display, powerful A-series chip, and advanced camera system, the iPhone delivers an unparalleled user experience.

Whether you're capturing memories with the high-quality camera, streaming your favorite content in crystal-clear quality, or navigating your day with seamless performance, the iPhone is designed to keep up with your every need.

Stay connected in style with the iPhone's iconic design, premium materials, and intuitive interface. With features like Face ID for secure authentication and Apple Pay for convenient transactions, the iPhone offers a seamless and secure user experience.

Experience the future of mobile technology with the iPhone - where innovation meets elegance, and performance meets perfection. Elevate your digital lifestyle with the iPhone - the smartphone that sets the standard for excellence."
gpt-3.5-turbo,0.7,300,0.0,1.5,"Introducing the iPhone - a revolutionary device that seamlessly combines cutting-edge technology with sleek design. This iconic smartphone is more than just a phone - it's your gateway to endless possibilities.

With its stunning Retina display, every image and video comes to life in vibrant color and crystal-clear detail. The powerful A14 Bionic chip ensures lightning-fast performance, allowing you to multitask effortlessly and enjoy smooth gaming experiences.

Capture every moment in stunning clarity with the advanced camera system, featuring Night mode for beautifully lit photos even in low light conditions. Stay connected like never before with 5G capability, ensuring blazing fast downloads and seamless streaming.

Experience unparalleled security with Face ID, keeping your personal information safe at all times. And with access to the App Store's vast library of apps, games, and entertainment options, there's always something new to explore on your iPhone.

Whether you're a tech enthusiast or simply looking for a reliable companion for everyday tasks, the iPhone delivers on all fronts. Elevate your digital experience today with the ultimate smartphone – the iPhone."
gpt-3.5-turbo,0.7,300,1.5,0.0,"Introducing the latest innovation in mobile technology - the iPhone. Sleek, stylish, and packed with cutting-edge features, this iconic device is your gateway to a world of endless possibilities.

Experience crystal-clear visuals on the stunning Retina display, immerse yourself in rich audio quality with stereo speakers, and capture every moment in breathtaking detail with the advanced camera system.

Stay connected like never before with lightning-fast 5G connectivity, seamless integration with Apple's ecosystem, and powerful performance thanks to the custom-designed A-series chip.

Whether you're a tech enthusiast, creative professional, or simply looking for a reliable companion for everyday tasks, the iPhone is the ultimate choice for those who demand the best in design, functionality, and performance. Elevate your mobile experience with the iPhone and discover a whole new world of possibilities at your fingertips."
gpt-3.5-turbo,0.7,300,1.5,1.5,"Introducing the revolutionary iPhone - a masterpiece of innovation and elegance that sets the standard for modern smartphones. With cutting-edge technology, stunning design, and unparalleled performance, this device is not just a phone but an experience.

Featuring a sleek all-glass design with precision-engineered aluminum frame, every detail of the iPhone showcases Apple's commitment to excellence. The vibrant Retina display delivers true-to-life colors and crisp graphics that will immerse you in your favorite content like never before.

Powered by the fastest chip ever in a smartphone, the iPhone offers lightning-fast speed and seamless multitasking capabilities. Whether you're streaming videos, gaming or working on multiple apps at once, this device can handle it all with ease.

Capture memories in stunning clarity with the advanced dual-camera system that takes photography to new heights. From portrait mode to night mode, every shot will be Instagram-worthy thanks to intelligent image processing software.

Stay connected like never before with 5G capability that enables faster downloads and smoother streaming. And with enhanced security features such as Face ID facial recognition technology, your personal information is safe from prying eyes.

Experience unmatched convenience through Siri voice assistant which helps you navigate tasks effortlessly using just your voice commands. Plus, enjoy access to thousands of apps on the App Store designed specifically for iOS devices

Elevate your tech game with the extraordinary iPhone – where power meets sophistication in perfect harmony!"
gpt-3.5-turbo,1.2,50,0.0,0.0,"Introducing the revolutionary iPhone - the epitome of cutting-edge technology and sleek design! Elevate your smartphone experience with this mastery of innovation that truly blurs the line between reality and imagination.

Boasting a dazzling Retina display, you'll be mesmer"
gpt-3.5-turbo,1.2,50,0.0,1.5,"Introducing the next generation of smartphones - the iPhone. Immerse yourself in cutting-edge technology and endless possibilities with the sleek design and powerful performance of the iPhone. From capturing stunning photos with its advanced camera to effortless multitasking on its vibrant display,"
gpt-3.5-turbo,1.2,50,1.5,0.0,"Introducing the iPhone - a revolutionary and sleek piece of technology that redefines what a smartphone can be. With its stunning design, cutting-edge features, and powerful performance, the iPhone is your gateway to an unparalleled mobile experience.

Experience crystal-clear display and"
gpt-3.5-turbo,1.2,50,1.5,1.5,"Discover a world of endless possibilities with the sleek and powerful iPhone. Embrace cutting-edge technology at your fingertips as you immerse yourself in stunning graphics, crisp and clear audio, and lightning-fast performance.

Capture every moment flawlessly with the revolutionary camera system"
gpt-3.5-turbo,1.2,150,0.0,0.0,"Introducing the iPhone, the pinnacle of form, function, and innovation in the world of smartphones. With its sleek design, cutting-edge technology, and seamless performance, the iPhone ensures that you stay connected, organized, and entertained like never before.

Experience the stunning clarity of the crystal-clear display, vibrant colors, and impressive resolution that bring every photo, video, and app to life. The incredible performance of the iPhone allows you to multitask effortlessly, play graphics-intensive games with ease, and stream HD content without missing a beat.

Capture every moment in perfect detail with the advanced camera system that includes various shooting modes, portrait lighting effects, and smart HDR for incredible photos and videos. Keep your information secure with Face ID or Touch ID, and enjoy the"
gpt-3.5-turbo,1.2,150,0.0,1.5,"Introducing the iPhone - a revolutionary device that has completely transformed the way we communicate, connect, and create. Sleek in design, powerful in performance, and intuitive to use, this cutting-edge smartphone from Apple sets the bar high for what a mobile phone can achieve.

With its stunning Retina display, every image and video comes to life with vibrant colors and sharp clarity. Whether you're scrolling through social media feeds, watching your favorite shows on streaming apps, or playing immersive mobile games – the iPhone delivers an unparalleled visual experience like no other.

Underneath its elegant exterior lies a powerhouse of technology. Packed with advanced processors that deliver smooth multitasking capabilities and extremely fast performance speeds. From capturing breathtaking photos with its dual-lens camera system to unlocking"
gpt-3.5-turbo,1.2,150,1.5,0.0,"Introducing the revolutionary iPhone - where innovation meets elegance to redefine the way you experience technology. 

Step into a world of unparalleled performance and capability with the latest in mobile technology. The sleek design paired with cutting-edge features showcases Apple's commitment to excellence, ensuring that you stay connected, productive, and entertained wherever you go.

Capture every moment with stunning clarity using the advanced camera system, enjoy immersive visuals on the brilliant display, and unleash your creativity with the powerful processor for seamless multitasking. With top-notch security features and seamless integration with other Apple devices, the iPhone is designed to elevate your digital lifestyle effortlessly.

Whether you're a professional on the go, a creative enthusiast, or simply looking for a reliable companion in your everyday adventures, the iPhone is the"
gpt-3.5-turbo,1.2,150,1.5,1.5,"Introducing the latest innovation in communication and technology - the iPhone. Sleek, sophisticated, and packed with cutting-edge features, this iconic device redefines what it means to stay connected on-the-go.

Experience a seamless user experience like never before with the stunning Retina display that brings your photos and videos to life in vivid detail. Equipped with powerful performance capabilities, you can multitask seamlessly between apps and games without missing a beat.

Capture every moment with precision using the advanced camera system that delivers professional-quality results, whether you're shooting portraits or breathtaking landscapes. Stay productive throughout your day by utilizing built-in tools such as Siri virtual assistant and iCloud storage for effortless syncing across all of your Apple devices.

With unmatched security features including Face ID recognition technology,"
gpt-3.5-turbo,1.2,300,0.0,0.0,"Introducing the revolutionary iPhone - the epitome of innovation and excellence in the world of smartphones. Unleash the power of cutting-edge technology with the sleek design and unmatched performance of the iPhone. From the crystal-clear display that brings every image to life in vivid detail to the lightning-fast processing speeds that keep up with your every command, the iPhone redefines what a smartphone can do.

Stay connected like never before with lightning-fast 5G capabilities and advanced Face ID technology that ensures your information is secure at your fingertips. Capture life's moments in stunning clarity with the powerhouse camera system that delivers professional-quality photos and videos with ease. And with seamless integration with the Apple ecosystem, the iPhone keeps you in sync with all your devices so you can stay productive and organized wherever you go.

Whether you're a tech enthusiast, a creative professional, or someone who just demands the best, the iPhone is sure to exceed your expectations and elevate your mobile experience. Elevate your everyday with the iPhone - where innovation meets sophistication in the palm of your hand."
gpt-3.5-turbo,1.2,300,0.0,1.5,"Introducing the iPhone, a revolutionary device designed to enhance every aspect of your life. With sleek aesthetics and cutting-edge technology, this iconic smartphone redefines what's possible in mobile communication.

Featuring a stunning Retina display, the iPhone brings your photos, videos, and apps to life with incredible clarity and vibrant color. The powerful A-series chip ensures seamless performance whether you're browsing the web, playing games or multitasking between apps.

Capture all of life's moments in stunning detail with the high-quality camera system that offers exceptional resolution and advanced features like portrait mode and Night Mode. Stay connected like never before with lightning-fast 5G capabilities for quick downloads and smooth streaming.

The iPhone seamlessly integrates with Apple's ecosystem, allowing you to easily access all your favorite apps, music library, messages and more across multiple devices. Plus security is top priority - built-in Face ID keeps your private information safe at all times.

With its unmatched combination of beauty, power,and innovation,the iPhone is not just a smartphone – it's an indispensable tool that enhances productivity,simplifies daily tasks,and allows you to explore endless possibilities.Make every moment extraordinary when you choose the incomparable experience of owning an iPhone"
gpt-3.5-turbo,1.2,300,1.5,0.0,"Introducing the most advanced iPhone yet - the perfect blend of cutting-edge technology and sleek design. From its stunning Retina display to its powerful A14 Bionic chip, this iPhone is a game-changer in every aspect.

Capture every moment in crystal-clear detail with the professional-quality camera system that includes Night Mode, Portrait Mode, and 4K video recording. Stay connected like never before with ultra-fast 5G technology and enjoy immersive audio with Dolby Atmos sound.

With Face ID for secure authentication and iOS for seamless user experience, this iPhone is not just a smartphone - it's a lifestyle upgrade. Elevate your productivity, creativity, and entertainment with the ultimate tool in your hands.

Experience the future of mobile technology with this incredible iPhone. It's not just a phone, it's a statement. So why settle for anything less when you can have the best? Get your hands on this iPhone today and redefine what is possible."
gpt-3.5-turbo,1.2,300,1.5,1.5,"Introducing the latest iPhone - a revolutionary device that pushes the boundaries of technology and offers an unparalleled user experience. With its sleek design, cutting-edge features, and uncompromising performance, this smartphone truly stands out from the crowd.

Equipped with a powerful processor, stunning display, and advanced camera system, every interaction with this iPhone is nothing short of extraordinary. From capturing high-quality photos to running multiple apps seamlessly at once, it does it all effortlessly while delivering unmatched speed and responsiveness.

Stay connected like never before with lightning-fast 5G technology that ensures you can stream your favorite content without interruption or lag. The intuitive interface paired with enhanced security features guarantee peace of mind while browsing through apps or making transactions online.

Experience the ultimate in mobile innovation with this exceptional iPhone - where style meets function to redefine what a smartphone can do. Elevate your digital lifestyle today with the must-have tech accessory for those who demand perfection in every touchpoint."
